{
    "small_fish": [
        [
            174,
            null,
            1738882445.0568542
        ],
        [
            137,
            null,
            1738882957.8004065
        ],
        [
            143,
            null,
            1738882961.7223742
        ],
        [
            150,
            null,
            1738882965.8740628
        ],
        [
            378,
            null,
            1738883774.3502772
        ],
        [
            378,
            null,
            1738883777.8318894
        ],
        [
            378,
            null,
            1738883779.987974
        ],
        [
            323,
            null,
            1738883846.371918
        ],
        [
            354,
            null,
            1738883849.480402
        ],
        [
            234,
            null,
            1738883853.6902027
        ],
        [
            240,
            null,
            1738883855.5717702
        ],
        [
            276,
            null,
            1738883858.019973
        ],
        [
            138,
            null,
            1738883860.4557142
        ],
        [
            138,
            null,
            1738883862.6216822
        ]
    ],
    "big_fish": [
        [
            251,
            null,
            1738882969.7480962
        ],
        [
            251,
            null,
            1738883116.2067778
        ],
        [
            258,
            null,
            1738883783.5433786
        ],
        [
            264,
            null,
            1738883790.129663
        ],
        [
            264,
            null,
            1738883815.8443973
        ],
        [
            263,
            null,
            1738883818.5704737
        ],
        [
            258,
            null,
            1738883821.4224918
        ],
        [
            258,
            null,
            1738883822.8027253
        ],
        [
            258,
            null,
            1738883824.3902638
        ],
        [
            258,
            null,
            1738883826.131691
        ],
        [
            258,
            null,
            1738883829.7423894
        ],
        [
            198,
            null,
            1738883833.9103765
        ],
        [
            198,
            null,
            1738883835.6541412
        ],
        [
            179,
            null,
            1738883837.1255322
        ],
        [
            179,
            null,
            1738883838.0179245
        ],
        [
            192,
            null,
            1738883843.0114045
        ],
        [
            204,
            null,
            1738883851.3823376
        ],
        [
            258,
            null,
            1738883868.0703332
        ],
        [
            263,
            null,
            1738883917.538706
        ]
    ]
}