{
    "Bluefish": [
        [
            186,
            null,
            1739763164.9265797
        ],
        [
            186,
            null,
            1739763166.257254
        ],
        [
            186,
            null,
            1739763167.2266183
        ],
        [
            186,
            null,
            1739763167.9861393
        ],
        [
            186,
            null,
            1739763168.7972777
        ],
        [
            186,
            null,
            1739763169.5519352
        ],
        [
            186,
            null,
            1739763170.7604663
        ],
        [
            186,
            null,
            1739763275.889073
        ],
        [
            186,
            null,
            1739763276.8369083
        ],
        [
            186,
            null,
            1739763277.4346902
        ],
        [
            186,
            null,
            1739763277.9406354
        ],
        [
            186,
            null,
            1739763278.498741
        ],
        [
            186,
            null,
            1739763279.0668168
        ],
        [
            204,
            null,
            1739763493.1159308
        ],
        [
            204,
            null,
            1739763494.6178212
        ],
        [
            180,
            null,
            1739763605.836991
        ],
        [
            180,
            null,
            1739763607.3088086
        ],
        [
            180,
            null,
            1739763609.3299806
        ]
    ],
    "Snapper": [
        [
            281,
            null,
            1739763602.4767444
        ]
    ]
}