{
    "bluefish": [
        [
            155,
            null,
            1740328175.080934
        ],
        [
            150,
            null,
            1740328176.0394633
        ],
        [
            155,
            null,
            1740328177.1082942
        ],
        [
            155,
            null,
            1740328178.0369995
        ],
        [
            155,
            null,
            1740328178.762742
        ],
        [
            155,
            null,
            1740328179.3342388
        ],
        [
            150,
            null,
            1740328179.8385296
        ],
        [
            155,
            null,
            1740328180.9497013
        ],
        [
            161,
            null,
            1740328451.5055342
        ],
        [
            155,
            null,
            1740328453.04728
        ],
        [
            174,
            null,
            1740328454.3655262
        ],
        [
            198,
            null,
            1740328455.300797
        ],
        [
            180,
            null,
            1740328456.0924366
        ],
        [
            174,
            null,
            1740328460.1990962
        ],
        [
            174,
            null,
            1740328462.7121768
        ],
        [
            150,
            null,
            1740328463.9099598
        ],
        [
            150,
            null,
            1740328464.9214828
        ],
        [
            276,
            null,
            1740328467.8213105
        ]
    ],
    "bass": [
        [
            192,
            null,
            1740328482.1760924
        ],
        [
            192,
            null,
            1740328483.7458947
        ],
        [
            192,
            null,
            1740328484.2517872
        ],
        [
            186,
            null,
            1740328486.111289
        ],
        [
            186,
            null,
            1740328786.153151
        ],
        [
            192,
            null,
            1740328787.1981175
        ],
        [
            192,
            null,
            1740328787.7478926
        ],
        [
            204,
            null,
            1740328788.1991491
        ],
        [
            192,
            null,
            1740328788.5767488
        ],
        [
            204,
            null,
            1740328788.8063052
        ],
        [
            192,
            null,
            1740328788.9740736
        ],
        [
            198,
            null,
            1740328789.291095
        ],
        [
            198,
            null,
            1740328789.499531
        ],
        [
            198,
            null,
            1740328789.7657604
        ],
        [
            198,
            null,
            1740328790.0456643
        ],
        [
            198,
            null,
            1740328795.5670264
        ],
        [
            198,
            null,
            1740328795.8866358
        ],
        [
            192,
            null,
            1740328796.2209058
        ],
        [
            198,
            null,
            1740328796.5242274
        ],
        [
            198,
            null,
            1740328796.8163874
        ],
        [
            180,
            null,
            1740328877.3940914
        ],
        [
            180,
            null,
            1740328880.7175868
        ],
        [
            198,
            null,
            1740328882.178391
        ],
        [
            276,
            null,
            1740328882.960838
        ],
        [
            234,
            null,
            1740328883.4429688
        ],
        [
            192,
            null,
            1740328883.8439474
        ]
    ],
    "snook": [
        [
            239,
            null,
            1740328947.3655357
        ],
        [
            246,
            null,
            1740328947.8398995
        ],
        [
            252,
            null,
            1740328948.1880398
        ],
        [
            246,
            null,
            1740328948.544737
        ],
        [
            246,
            null,
            1740328948.8504407
        ],
        [
            228,
            null,
            1740328949.6115487
        ],
        [
            251,
            null,
            1740328949.9166927
        ],
        [
            264,
            null,
            1740328950.1620646
        ],
        [
            257,
            null,
            1740328950.4061887
        ],
        [
            257,
            null,
            1740328950.6034238
        ],
        [
            257,
            null,
            1740328950.7751632
        ],
        [
            270,
            null,
            1740329155.2299554
        ],
        [
            276,
            null,
            1740329155.9829397
        ],
        [
            257,
            null,
            1740329170.9378827
        ],
        [
            257,
            null,
            1740329172.1775537
        ]
    ]
}