{
    "small_fish": [
        [
            174,
            null,
            1738882445.0568542
        ],
        [
            137,
            null,
            1738882957.8004065
        ],
        [
            143,
            null,
            1738882961.7223742
        ],
        [
            150,
            null,
            1738882965.8740628
        ]
    ],
    "big_fish": [
        [
            251,
            null,
            1738882969.7480962
        ],
        [
            251,
            null,
            1738883116.2067778
        ]
    ]
}