{
    "big_fish": [
        [
            251,
            null,
            1738726117.3589637
        ],
        [
            258,
            null,
            1738726117.8244598
        ],
        [
            251,
            null,
            1738726118.2044613
        ],
        [
            251,
            null,
            1738726118.5623085
        ],
        [
            251,
            null,
            1738726118.885472
        ],
        [
            252,
            null,
            1738726120.1387148
        ],
        [
            264,
            null,
            1738726120.5166225
        ],
        [
            264,
            null,
            1738726120.8427103
        ]
    ],
    "small_fish": [
        [
            84,
            null,
            1738726177.370952
        ]
    ]
}